item/Area, x, y, z
Area1,-1.6267572799447099,1.0736504212345295,-1
Area2,-0.9578841479920881,4.414566388159175,-1
